epis;QTable;steps;cumReward;discountedRew;
100;1864522.3333333333;336;543.6629936490925;62.81319925069178;
200;3541798.6666666665;68;532.7629936490926;153.73613815939848;
300;4947877.333333333;269;570.7629936490926;163.5868567290849;
400;6168294.333333333;500;0.0;0.0;
500;7330203.666666667;500;69.15901242788246;50.41692005992632;
600;8277267.666666667;500;169.15901242788246;121.29211118509423;
700;9069115.666666666;240;475.4625153294037;91.44796794305454;
800;9801259.0;351;507.90748412273126;98.24517832549131;
900;1.0440788666666666E7;313;543.6629936490925;201.45609883637468;
