epis;QTable;steps;cumReward;discountedRew;
100;2068910.3333333333;144;558.2814968245463;44.495482772082745;
200;3828568.0;215;537.1444904736387;11.972802436664526;
300;5405339.333333333;269;585.3814968245463;5.885128374629803;
400;6809832.333333333;59;558.2814968245463;77.83304547622929;
500;8035448.333333333;177;551.7629936490926;68.42752195446967;
600;9238009.0;71;585.3814968245463;127.35824370031531;
700;1.0208810333333334E7;463;543.6629936490925;96.64403862554305;
800;1.1196724E7;449;570.7629936490926;64.55117121062435;
900;1.2002763666666666E7;67;531.1814968245462;73.63028306263806;
