epis;QTable;steps;cumReward;discountedRew;
100;1843820.3333333333;95;539.2814968245463;7.754722099350937;
200;3463774.3333333335;78;551.7629936490926;107.87514576525363;
300;4754289.666666667;314;543.6629936490925;75.14577552831173;
400;6144702.666666667;117;556.1444904736387;89.11718073219158;
500;7298760.0;104;556.1444904736387;90.55379805727662;
600;8383956.0;58;585.3814968245463;119.33737878585268;
700;9429581.333333334;229;556.1444904736388;88.96882808455298;
800;1.0370979E7;500;81.0;59.04900000000001;
