epis;QTable;steps;cumReward;discountedRew;
100;1989642.0;98;566.3814968245463;9.632535709574341;
200;3577985.0;182;556.1444904736388;149.48393189751124;
300;5074996.333333333;324;510.0444904736388;92.13928639350536;
400;6290746.333333333;194;570.7629936490926;136.06821881996643;
500;7401457.0;83;570.7629936490926;92.68996669004002;
600;8438600.0;121;551.7629936490926;184.6209887292889;
700;9294147.333333334;106;541.525987298185;104.51873351938505;
800;1.0191618333333334E7;105;585.3814968245463;194.05753503579825;
