epis;QTable;steps;cumReward;discountedRew;
100;1803225.0;125;566.3814968245463;111.34843309441258;
200;3362896.6666666665;500;81.0;81.0;
300;4744582.666666667;56;527.4405092524287;192.7548037077786;
400;5965931.666666667;67;522.5259872981851;146.32358084355428;
500;6989950.333333333;236;543.6629936490925;85.38150131559394;
600;7863724.0;233;535.5405092524287;188.50238054661054;
700;8813209.333333334;165;529.0444904736388;183.82282442209583;
800;9582580.666666666;172;527.4405092524287;183.32427823297067;
900;1.0289122333333334E7;500;200.0;172.9;
