epis;QTable;steps;cumReward;discountedRew;
100;2072223.6666666667;387;539.2814968245463;29.750524478545646;
200;3895509.3333333335;93;570.7629936490926;14.204064291594749;
300;5509936.0;366;566.3814968245463;122.6130292423337;
400;6856852.666666667;183;539.2814968245463;0.10759654327059212;
500;8058041.666666667;168;497.5629936490925;96.93368646423554;
600;9096336.0;239;501.9444904736388;124.06581318275991;
700;1.00168E7;25;541.5259872981851;134.56089987802287;
800;1.0905749333333334E7;126;535.5405092524287;115.9366325307968;
900;1.1667834666666666E7;24;529.0444904736388;151.38485454481398;
