epis;QTable;steps;cumReward;discountedRew;
100;2009278.6666666667;113;585.3814968245463;76.86583452044616;
200;3843086.0;126;537.1444904736388;114.11070424201218;
300;5355657.0;163;585.3814968245463;105.91458886193807;
400;6786989.0;110;585.3814968245463;49.91063803684768;
500;8031446.666666667;70;566.3814968245463;84.98636379365156;
600;9125132.666666666;103;570.7629936490926;93.97939460829363;
700;1.0141399666666666E7;230;551.7629936490926;73.68560508774307;
800;1.1078604E7;221;537.1444904736387;116.35078181710392;
900;1.1901457E7;500;185.38149682454625;92.1275412513177;
