epis;QTable;steps;cumReward;discountedRew;
100;1928184.3333333333;241;551.7629936490926;59.39478479094348;
200;3573327.6666666665;91;570.7629936490926;78.53299151363225;
300;5114486.333333333;500;269.15901242788243;92.64796218865908;
400;6545658.0;145;537.1444904736388;0.031066885991950108;
500;7828309.333333333;85;570.7629936490926;88.51276452177962;
600;8921136.666666666;259;600.0;0.0035220662860764823;
700;9913632.333333334;69;556.1444904736388;184.1566407711259;
