epis;QTable;steps;cumReward;discountedRew;
100;1814144.6666666667;248;537.1444904736388;118.88730067824669;
200;3493827.3333333335;136;566.3814968245463;190.7183025383947;
300;4990126.333333333;500;270.7629936490925;5.073544829595555E-19;
400;6327668.666666667;226;570.7629936490926;181.85845337607742;
500;7517850.666666667;92;529.0444904736388;69.87233458875805;
600;8655611.0;500;100.0;72.9;
700;9744139.333333334;98;572.9;198.4403546910182;
800;1.0770574666666666E7;150;556.1444904736387;56.05463688003366;
900;1.1666065333333334E7;82;516.5629936490925;152.5944043609704;
