epis;QTable;steps;cumReward;discountedRew;
100;2121817.3333333335;122;554.5405092524287;64.80613645088566;
200;3806455.3333333335;144;570.7629936490926;115.81735711845114;
300;5342645.0;282;543.6629936490925;12.936393163340291;
400;6800814.0;62;531.1590124278824;90.38972137089426;
500;8033128.0;121;566.3814968245463;94.44542797486679;
600;9275901.666666666;185;581.0;120.73458140208768;
700;1.0296501333333334E7;139;551.7629936490926;77.95531698511896;
800;1.1308785666666666E7;250;570.7629936490926;200.61589062329233;
900;1.2155199333333334E7;107;566.3814968245463;182.6344830630003;
