epis;QTable;steps;cumReward;discountedRew;
100;1770525.6666666667;127;570.7629936490926;105.80812924631009;
200;3351384.3333333335;233;496.5995216803112;104.18901345563017;
300;4847064.0;235;484.47949682454623;115.87474737158783;
400;6054780.0;98;566.3814968245463;183.48767971283257;
500;7193755.0;355;550.1590124278824;82.63642171640609;
600;8162646.333333333;203;551.7629936490926;177.86750690056;
700;8961618.666666666;155;566.3814968245463;72.93331029884074;
800;9785726.333333334;185;551.7629936490926;106.31380557836202;
900;1.0542015E7;55;566.3814968245463;163.43358960963965;
