epis;QTable;steps;cumReward;discountedRew;
100;1873893.3333333333;101;581.0;17.722106251288103;
200;3529415.6666666665;186;551.7629936490926;19.153148882215493;
300;5208791.666666667;76;581.0;63.65169766316888;
400;6734676.666666667;500;0.0;0.0;
500;8121319.666666667;73;541.5259872981851;135.7985133606182;
600;9272364.0;139;535.5405092524287;83.18102284400415;
700;1.0432465666666666E7;303;585.3814968245463;65.61030757640273;
800;1.1398328666666666E7;100;524.6629936490925;109.45555608699196;
900;1.2292860666666666E7;55;543.6629936490925;105.56145203420563;
