epis;QTable;steps;cumReward;discountedRew;
100;1818711.6666666667;166;556.1444904736388;95.94782505858048;
200;3382759.0;73;541.525987298185;107.78151049255933;
300;4951976.0;157;558.2814968245463;104.45064419738752;
400;6331637.666666667;65;541.525987298185;141.5872081155461;
500;7560061.333333333;160;525.3035029015211;90.00056739159642;
600;8619762.666666666;500;100.0;90.0;
700;9529423.0;500;200.0;155.61;
800;1.0459052666666666E7;116;558.2814968245463;105.14270637491816;
900;1.1173569333333334E7;250;529.0444904736388;129.13331316012594;
